桌游名称,推荐人数,游戏时长(分钟),难度等级,分类,核心玩法简介,图片链接,视频链接
UNO,2-10人,5,1.1,"派对游戏,简单卡牌",经典卡牌游戏，通过卡牌操作，玩家需出与上家同色或同数字的牌，先出完牌者获胜，包含功能牌增加游戏趣味性，适合全年龄段快速上手。,UNO.jpg,UNO.mp4
嗒宝:漫威英雄,2-8人,5,1,"派对游戏,反应比拼",嗒宝漫威主题版，玩家需快速找出两张卡牌中的相同漫威英雄，反应最快者得分，适合漫威粉丝和家庭聚会。,嗒宝漫威英雄.jpg,嗒宝漫威英雄.mp4
疯狂飞行棋,2-4人,30,1.05,"派对游戏,互坑对抗",经典飞行棋的创新版本，加入了特殊事件卡和互动机制。玩家通过掷骰子控制棋子前进，使用道具卡干扰对手或加速自己，棋盘设计充满惊喜，适合全年龄段玩家轻松娱乐。,疯狂飞行棋.jpg,疯狂飞行棋.mp4
稍等我这就想句话向你求婚,3-6人,10,1.2,"派对游戏,欢乐搞笑",让你不断对别人求婚且不断被别人求婚的游戏，但这人生最幸福的瞬间，你得到的求婚台词却是因为受限单字而天马行空的内容，这同时考验着脑力和耻力的话题桌游,稍等我这就想句话向你求婚.jpg,稍等我这就想句话向你求婚.mp4
以鹅传鹅,4-10人,20,1,"派对游戏,欢乐搞笑",类似传声筒的游戏，玩家通过绘画或文字传递信息，最后与原信息对比，差异越大越有趣。,以鹅传鹅.jpg,以鹅传鹅.mp4
传情画意,3-8人,20,1.07,"派对游戏,绘画游戏",类似你画我猜的桌游版，玩家通过绘画、文字描述或动作传递信息，团队合作猜词，适合家庭聚会。,传情画意.jpg,传情画意.mp4
瞎掰王,3-8人,20,1.33,"派对游戏,嘴炮游戏",欢乐嘴炮游戏，玩家通过编造谎言和识别谎言获取分数，考验口才和判断力，适合多人聚会。,瞎掰王.jpg,瞎掰王.mp4
决战小便斗,2-6人,5,1,"派对游戏,欢乐搞笑",玩家要在蛮荒西部的厕所一边畅快解放，一边避开那些射不准的牛仔。好吧!一场新式射击比赛开始了。,决战小便斗.jpg,决战小便斗.mp4
UNO:FLIP,2-10人,5,1.24,"派对游戏,简单卡牌",UNO升级版，卡牌双面设计（浅色/深色），FLIP牌可翻转全场卡牌面，增加游戏变化性，规则简单但策略性略高于基础版。,UNOFLIP.jpg,UNOFLIP.mp4
爆炸猫,2-5人,15,1.08,"派对游戏,互坑对抗",幽默风格卡牌游戏，玩家轮流抽牌，抽到爆炸猫需用防御牌保命，通过各种功能牌陷害对手，最后存活者获胜。,爆炸猫.jpg,爆炸猫.mp4
画物语,3-8人,45,1.19,"派对游戏,猜词游戏",玩家将化身为说书人与猜谜者。作为说书人你需要通过灵活的思维，丰富的想象力来形容你选择的卡牌图画，而猜谜人则负责在众多的卡牌中找到说书人所真正打出的那张卡牌。,画物语.jpg,画物语.mp4
巧手猜图,3-5人,60,1.03,"派对游戏,猜词游戏",猜图游戏，玩家通过道具表达作品，队友猜测，考验联想能力，适合家庭聚会。,巧手猜图.jpg,巧手猜图.mp4
作弊飞蛾,2-6人,5,1.16,"派对游戏,简单卡牌",幽默卡牌游戏，玩家可以尝试作弊获取优势，但被发现会受到惩罚，平衡作弊和诚实的有趣游戏。,作弊飞蛾.jpg,作弊飞蛾.mp4
UNO:NOMERCY,2-10人,5,1.5,"派对游戏,简单卡牌",UNO衍生版，加入更多惩罚机制和特殊行动牌，节奏更快更刺激，适合喜欢快节奏对抗的玩家群体。,UNONOMERCY.jpg,UNONOMERCY.mp4
爆炸猫:灾祸菜谱,2-5人,10,1.32,"派对游戏,互坑对抗",无论你是菜鸟还是大神级玩家都适配《灾祸菜谱》为初始玩家提供了首次接触爆炸猫所需的一切对于有经验的玩家，它包含了所有扩展里超棒的卡牌，以及全新的菜谱手册，解锁多个全新的游戏模式。,爆炸猫灾祸菜谱.jpg,爆炸猫灾祸菜谱.mp4
7连翻,2-10人,10,1.03,"派对游戏,赌狗游戏",一张一张地翻牌，不要翻两次相同的数字。在这个令人上瘾的纸牌游戏中，按下你的运气和策略。,翻转7.jpg,翻转7.mp4
爆炸猫:善恶对决,2-5人,10,1.25,"派对游戏,互坑对抗",幽默风格卡牌游戏，玩家轮流抽牌，抽到爆炸猫需用防御牌保命，通过各种功能牌陷害对手，最后存活者获胜，加入全新机制跟卡牌。,爆炸猫善恶对决.jpg,爆炸猫善恶对决.mp4
串好啦,2-6人,5,1.2,"派对游戏,反应比拼",快速反应比拼，玩家需根据卡牌提示快速串接物品，反应速度快且符合规则者得分，适合活跃气氛。,串好啦.jpg,串好啦.mp4
原色碰撞,2人，4人,10,1.2,"派对游戏,拼图游戏",色彩主题拼图游戏，玩家根据任务进行颜色拼图，为了自己获胜可以破坏别人的版图。,原色碰撞.jpg,原色碰撞.mp4
矮人掘金,3-10人,45,1.32,"派对游戏,身份推理",玩家分为矿工和破坏者两队，矿工需挖到金矿，破坏者则要阻止，通过卡牌行动互相博弈，身份隐藏增加游戏悬念。,矮人掘金.jpg,矮人掘金.mp4
恶魔轮盘,2-6人,5,1.1,"派对游戏,赌狗游戏",刺激的轮盘赌主题游戏，玩家下注猜测轮盘结果，通过运气和简单策略赢得筹码，最后筹码最多者获胜。,恶魔轮盘.jpg,恶魔轮盘.mp4
狗运当骰,2-4人,30,1.28,"策略游戏,赌狗游戏",欢乐骰子桌游，玩家扮演赌徒在赌场中比拼运气和策略，节奏轻快，充满随机性和趣味性，适合派对聚会。,狗运当骰.jpg,狗运当骰.mp4
哈铃果铃,3-8人,5,1,"派对游戏,反应比拼",当桌面上每次出现同款水果5颗时，玩家们更要拼速度拍打中间的铃以获得分数。游戏极其考验玩家们的专注力及反应力！,哈铃果铃.jpg,哈铃果铃.mp4
字字转机:图像版,2-6人,5,1,"派对游戏,反应比拼",反应类语言游戏，玩家要说出对方牌的图案，谁先正确的说出来，就可以得到对方的牌，目标就是谁赢得牌最多谁就获得游戏胜利。,字字转机图像版.jpg,字字转机图像版.mp4
出包魔法师,2-5人,30,1.64,"派对游戏,互坑对抗",幽默魔法主题游戏，玩家扮演魔法师互相施法，猜错会导致魔法失败。,出包魔法师.jpg,出包魔法师.mp4
独家暗语,4-8人,30,1.03,"派对游戏,猜词游戏",团队合作猜词游戏，队友通过暗语提示猜出目标词语，同时防止对手偷听，考验团队默契和语言表达能力。,独家暗语.jpg,独家暗语.mp4
妙笔生画,3-8人,15,1,"派对游戏,绘画游戏",创意绘画类桌游，玩家根据提示进行绘画并让他人猜测。通过想象力和绘画技巧传达信息，同时需要理解他人的画作，游戏充满创意和欢乐，适合派对聚会和家庭娱乐。,妙笔生画.jpg,妙笔生画.mp4
摸鱼还是卷,4-7人,30,1.4,"派对游戏,身份推理",职场主题幽默游戏，玩家在工作中选择摸鱼或内卷，隐藏好自己甚至择机转投对面阵营，值得好好考虑。,摸鱼还是卷.jpg,摸鱼还是卷.mp4
扬翻夺宝,2-4人,20,1.2,"派对游戏,赌狗游戏",盲抽加成套收集，一点点的策略博弈，玩起来跟欢乐。,扬翻夺宝.jpg,扬翻夺宝.jpg
德国蟑螂,2-6人,15,1.1,"派对游戏,嘴炮游戏",幽默蟑螂主题游戏，玩家通过卡牌行动让对手收集更多蟑螂，最后蟑螂最少者获胜，轻松搞笑的派对游戏。,德国蟑螂.jpg,德国蟑螂.mp4
行动代号图片版,4-8人,20,1.26,"派对游戏,猜词游戏",经典团队猜词游戏，分为红蓝两队，队长给出提示词，队员猜出己方目标词，先完成目标者获胜。,行动代号图片版.jpg,行动代号图片版.mp4
致命玩笑,3-6人,20,1.03,"派对游戏,欢乐搞笑",黑色幽默主题游戏，玩家通过讲述笑话和完成搞笑任务获取分数，适合喜欢幽默风格的玩家。,致命玩笑.jpg,致命玩笑.mp4
暗藏杀机,2人，4人,60,2.41,"派对游戏,身份对抗",你可以是恶名昭彰的连环杀手，也可以是经验老到的侦探，追踪罪犯的痕迹。两个阵营的游戏体验各有不同：凶手要周详计划每一步，隐藏杀人动机，侦探则需搜集证据、查问目击者——但并非所有人都对你诚实坦白……,暗藏杀机.jpg,暗藏杀机.mp4
璀璨宝石:宝可梦,2-4人,30,1.85,"德式游戏,资源管理",璀璨宝石宝可梦联名版，将宝石替换为宝可梦精灵球，发展卡变为宝可梦卡牌，保留核心玩法，适合宝可梦粉丝。,璀璨宝石宝可梦.jpg,璀璨宝石宝可梦.mp4
地产大亨,2-6人,90,1.62,"派对游戏,互坑对抗",经典地产经营游戏，玩家购买土地、建造房屋和酒店，收取租金，让对手破产，成为地产大亨。,地产大亨.jpg,地产大亨.mp4
花火,2-5人,20,1.69,"合作游戏,信息推理",在这款独特的合作游戏中，你们共同努力要施放最璀璨的花火，但偏偏你们在表演前把花火都混在一起了！,花火.jpg,花火.mp4
情书,2-6人,10,1.12,"派对游戏,互坑对抗",卡牌游戏，玩家通过出牌和猜测对方手牌，将情书送到公主手中，策略性强且节奏快。,情书.jpg,情书.mp4
炸弹克星,2-5人,30,2,"合作游戏,信息推理",拆弹主题游戏，玩家需要合作拆除炸弹，通过卡牌行动获取拆弹工具，同时防止炸弹爆炸。,炸弹克星.jpg,炸弹克星.mp4
捣蛋王国,2-4人,45,2.44,"德式游戏,引擎构筑",一群捣蛋鬼们，他们是会自己的想法独树一帜呢？还是跟随其他孩子们亦步亦趋呢？,捣蛋王国.jpg,捣蛋王国.mp4
犯人在跳舞,3-9人,10,1.16,"派对游戏,互坑对抗",玩家众多时找犯人的互动会变得扑朔迷离，享受瞬息万变、紧张刺激的游戏过程。,犯人在跳舞.jpg,犯人在跳舞.mp4
现在下午五点,2-4人,45,1.67,"德式游戏,区域控制","大家今天也一同逛街吧!有着酒吧,电影院,桌游吧食你生活在这有着热闹聚集地的城市中下午五点，出去HAPPY啦!那么，今晚该去哪呢?",现在下午五点.jpg,现在下午五点.mp4
爆珠发明,2-4人,30,2.05,"德式游戏,引擎构筑",你才华横溢、足智多谋，埋首家里的实验室，努力建造出胜过其他科学家的创新发明。最终你能不能驾驭好4种能量，铺垫最出众的能量连锁，赢得冠军呢？,爆珠发明.jpg,爆珠发明.mp4
璀璨宝石,2-4人,30,1.78,"德式游戏,资源管理",经典宝石收集游戏，玩家通过收集宝石卡牌购买发展卡，积累声望点数，最先达到目标声望者获胜，规则简单策略丰富。,璀璨宝石.jpg,璀璨宝石.mp4
地产大亨冒险大挑战,2-4人,45,1.19,"派对游戏,互坑对抗",由玛莉欧电玩启发的新玩法地产大亨! 玩法会因选用不同的角色而不同! 通过收集金币、购买物业和打败BOSS赚取分数。,地产大亨冒险大挑战.jpg,地产大亨冒险大挑战.mp4
风声,3-9人,60,2.43,"派对游戏,身份推理",在《风声》中，分为两大对立的阵营，大部分玩家都会扮演忠于某个阵营的的间谍角色，其余玩家则会扮演无辜卷入的路人。,风声.jpg,风声.mp4
骇浪求生,4-8人,60,1.75,"派对游戏,嘴炮游戏",在爱德华型救生船上，你是漂流在船上的落难者之一。船上有你喜爱的朋友、憎恨的敌人和几位机灵的人。如果你有意识，回合中必须选择划船、换座位、抢夺他人的物资、不做事或执行一项特殊行动。,骇浪求生.jpg,骇浪求生.mp4
旧货市场,2-10人,35,1.1,"派对游戏,简单卡牌",游戏主题自然是买卖旧货，纽扣镇里有个举世闻名的旧货市场，大大小小的商人们聚集于此，带来了世界各地的旧货。每一个在旧货市场的人都有自己与众不同的故事。,旧货市场.jpg,旧货市场.mp4
榴莲忘贩,2-7人,15,1.11,"派对游戏,简单卡牌",店员们要忙的事情太多，还没来得及检查新到店的存货，便开始接受订单。虽说自己还没检查，但其他员工一定已经都确认好了吧。然而员工们得意忘形，结果接了太多的订单.....,榴莲忘贩.jpg,榴莲忘贩.mp4
美丽新世界,2-4人,45,2.33,"德式游戏,轮抽构筑",轮抽建造机制的基础上加强了引擎构筑的要素，不同资源的生产具有先后顺序，需要规划一轮中资源获取与建筑建造。,美丽新世界.jpg,美丽新世界.mp4
一夜终极狼人,3-10人,15,1.38,"派对游戏,身份推理",狼人杀简化版，只需一夜就能完成游戏，玩家通过夜间行动和白天讨论，找出狼人或隐藏身份。,一夜终极狼人.jpg,一夜终极狼人.mp4
口袋大冒险:鲁滨逊,1人,15,1,"单人游戏,冒险游戏",鲁滨逊漂流记主题单人游戏，玩家在荒岛上生存，收集资源，建设营地，等待救援。,口袋大冒险鲁滨逊.jpg,口袋大冒险鲁滨逊.mp4
卡卡颂,2-4人,60,1.89,"德式游戏,区域控制",在一块块拼起的版图中，随着回合的进行，版图将逐渐扩大。玩家派遣手下去建立、管理或占领城堡、道路、草原和修道院。每拼放一块版图，玩家就有机会派遣手下担任一个角色，如何拼放和派遣才能让你在游戏终了时获得最高的分数？,卡卡颂.jpg,卡卡颂.mp4
末选之路:商队,1人,30,1,"单人游戏,冒险游戏",冒险策略类桌游，玩家带领商队穿越危险区域。需要选择安全的路线，应对强盗、自然灾害等挑战，管理商队资源，游戏充满冒险色彩和策略性，支持多人合作或对抗。,末选之路商队.jpg,末选之路商队.mp4
牛头王,2-10人,15,1.53,"派对游戏,预测吃墩",尝试不拿任何卡牌！你拿到的每一张牌上的每一个牛头都会为你带来负分。游戏结束时，获得最少牛头的人赢得游戏！机制简单，变化复杂！,牛头王.jpg,牛头王.mp4
七大奇迹,3-7人,60,2.31,"德式游戏,轮抽构筑",作为七大文明古国之一的领袖，你将亲临历史带领你的文明历经数个的时代，体验七大文明古国的兴衰沉浮。文明的历史终将会走到尽头，玩家们最终会审视自己一手建立的文明奇迹，只有获得最高分数的玩家才会成为最终的赢家。,七大奇迹.jpg,七大奇迹.mp4
印加宝藏,3-8人,30,1.11,"派对游戏,赌狗游戏",你和你富有冒险精神的伙伴们，前往古老的印加神庙中，寻找稀有的绿松石、黑曜石与黄金。游戏中的每个回合，你都必须决定是要进一步地深入探索神庙，或者是要安全地返回营地，将已经到手的宝物好好收藏保管。,印加宝藏.jpg,印加宝藏.mp4
丛林智慧棋,2-5人,30,1.82,"派对游戏,抽象棋类",丛林智慧棋是一款轻策略游戏，以刚果部落的文化与民俗为背景。在非洲民间故事一个很常见的主题，就是睿智的动物教导人们向好行善。作为部落首领，必须遵从动物的指引，踏上旅程，穿过丛林，最终希望博得他们垂青。,丛林智慧棋.jpg,丛林智慧棋.mp4
抵抗组织阿瓦隆,5-10人,90,1.74,"派对游戏,身份推理",经典身份推理游戏，分为好人阵营（抵抗组织）和坏人阵营（间谍），好人需完成任务，坏人则破坏，无需淘汰玩家更友好。,抵抗组织阿瓦隆.jpg,抵抗组织阿瓦隆.mp4
花见小路,2人,20,1.68,"双人游戏,卡牌博弈",欢迎来到古都最负盛名的花见小路。身为这条街的料亭老闆，为了争取七名最好的艺者来到你的店里服务，你与其他老板竞争，借由收集她们最擅使用的表演物品来吸引她们。细心筹算，大胆行动，你也许能得到想要的物品。,花见小路.jpg,花见小路.mp4
签签入扣,2-10人,5,1,"派对游戏,欢乐搞笑",《签签入扣》是一个动作平衡游戏，玩家需要用单手，把签子一根根的摆放到高处的盘子上，每一根需要符合对应的颜色位置。盘子里的签越来越多时，就会开始倾斜，考验玩家技术的时候就到了，请保持镇定，不然一支没放稳的签子就能栽倒一切。,签签入扣.jpg,签签入扣.mp4
忍者之夜,4-11人,30,1.86,"派对游戏,互坑对抗",忍者主题游戏，分红方/蓝方两个流派，轮抽手牌，根据规定的出牌类型出牌。撕逼吹牛，找出同阵营伙伴，获取胜利积分。,忍者之夜.jpg,忍者之夜.mp4
我是大老板,3-6人,45,1.97,"派对游戏,嘴炮游戏",经典嘴炮游戏，玩家扮演商人进行商业交易，通过谈判、合作和背叛获取利润，最后财富最多者获胜。,我是大老板.jpg,我是大老板.mp4
口袋大冒险:梅林,1人,15,1,"单人游戏,冒险游戏",梅林魔法主题单人游戏，玩家扮演梅林解决魔法难题，通过魔法和智慧克服挑战，完成魔法任务。,口袋大冒险梅林.jpg,口袋大冒险梅林.mp4
犯罪现场,4-10人,30,1.59,"派对游戏,身份推理",犯罪推理游戏，一名玩家扮演凶手，其他人扮演侦探，通过线索卡和场景卡推理还原犯罪现场，找出真凶。,犯罪现场.jpg,犯罪现场.mp4
弗拉切诺的秘宝,2人,30,1.9,"双人游戏,卡牌博弈",一款双人推理棋盘游戏，让您体验小偷和侦探的战术和故事。世界观由岩本达郎和山崎刚创作，他们因《王牌检察官》系列而闻名。适合成年人的心理战游戏，观察和推理能力非常重要。,弗拉切诺的秘宝.jpg,弗拉切诺的秘宝.mp4
卡波,2-4人,5,1.22,"派对游戏,简单卡牌",考验记忆力和推理的游戏，每人四张牌，知道其中的两张，通过盲弃，peek，swap，spy来增加信息量，有一点推理和小心机，但更多时候还是一个赌狗的游戏最后看谁距离cabo小。,卡波.jpg,卡波.mp4
卡坦岛,3-4人,60,2.28,"德式游戏,资源管理",卡坦岛是一个深受玩家赞誉的思考策略游戏，玩家在游戏中扮演一个拓荒者，玩家需要扩张争取生存空间。物产的生产则掷骰决定，加上贼匪阻碍生产，玩家合作朝目标前进之余，亦要寻找自己的致胜之道。,卡坦岛.jpg,卡坦岛.mp4
拇指车神,2-4人,15,1,"派对游戏,绘画游戏",微型赛车主题的欢乐桌游，玩家操控拇指来驱动赛车进行比赛。游戏节奏快，充满欢乐和竞技性，适合多人聚会。,拇指车神.jpg,拇指车神.mp4
女巫的毒药,2-4人,5,1,"派对游戏,赌狗游戏",每一次翻牌，都是一次“心跳大考验”，要避免翻到毒药，最幸运的人才能存活下来。,女巫的毒药.jpg,女巫的毒药.mp4
天合小队,2人,30,2.04,"双人游戏,合作冒险",仅限 2 人玩的合作交流游戏，在游戏中，您将扮演控制客机的飞行员和副驾驶员。你们的目标是团队合作，将飞机降落在世界各地的不同机场。,天合小队.jpg,天合小队.mp4
展翅翱翔,1-5人,90,2.48,"德式游戏,引擎构筑",经典鸟类主题卡牌游戏，通过卡牌操作，玩家收集不同鸟类卡牌，构建生态系统，获取分数，策略性和重玩度高。,展翅翱翔.jpg,展翅翱翔.mp4
二人三筑,1-8人,15,1.26,"派对游戏,欢乐搞笑",二人三筑是将就一个快而准的游戏，在限定时间内完成卡牌所示的建筑，就能获得分数。冷静的头脑加上稳妥的身手可让你得到胜利！,二人三筑.jpg,二人三筑.mp4
骰子小镇2,2-5人,30,1.56,"派对游戏,赌狗游戏",骰子小镇升级版，玩家通过掷骰子获取资源，建设小镇，通过多种方式积累金币取胜。,骰子小镇2.jpg,骰子小镇2.mp4
星空觅迹,2-4人,120,3.83,"德式游戏,引擎构筑,行动选择,资源管理",您将领导一个科学机构，负责寻找地球以外的生命痕迹。玩家将利用行星位置的不断变化，从地球发射探测器，探索附近的行星及其卫星。玩家可以决定是降落在行星表面收集有价值的样本，还是留在轨道上进行更广泛的调查。,星空觅迹.jpg,星空觅迹.mp4
百万美金,3-9人,30,2.07,"派对游戏,嘴炮游戏",是一个充满虚张声势、误导和谈判的游戏，没有任何随机性。玩家秘密选择角色，结成临时联盟。对于你即将被双规的同伙，任何谈判策略都是合法的！成功完成抢劫的玩家将分享战利品,百万美金.jpg,百万美金.mp4
大杀四方,2-4人,15,2.06,"派对游戏,简单卡牌",这是一款适合2-4人进行的卡牌类互车游戏！玩家控制两个不同种族抢夺基地的控制权，通过争夺基地来获取胜利分数，最快获得15点胜利分数的玩家获胜！,大杀四方.jpg,大杀四方.mp4
海盐折纸,2-4人,15,1.47,"派对游戏,成套收集",创意手工与策略结合的桌游，玩家通过折纸制作船只和建筑。在海岛上发展自己的领地，利用海盐资源进行贸易和建设，游戏兼具艺术性和策略性，适合喜欢创意玩法的玩家。,海盐折纸.jpg,海盐折纸.mp4
拉密,2-4人,30,2,"德式游戏,成套收集",是 2-4 人数字牌组合桌游，破冰凑 30 + 分牌组后拆分重组顺子 / 群组，率先出光手牌获胜。,拉密.jpg,拉密.mp4
抹茶,2人,15,1.67,"双人游戏,卡牌博弈",抹茶是一款有趣的桌游，适合朋友聚会游玩，规则简单易上手，具有一定的策略性和娱乐性。,抹茶.jpg,抹茶.mp4
三国杀,2-10人,30,2.21,"派对游戏,身份推理",三国杀是经典三国题材卡牌桌游，凭身份博弈、武将技能与卡牌谋略对战，玩法多变、互动感强。,三国杀.jpg,三国杀.mp4
铁路环游纽约,2-4人,45,1.26,"德式游戏,成套收集",铁路环游系列纽约版，玩家在纽约地图上建设铁路网络，连接城市，获取分数，优化路线规划。,铁路环游纽约.jpg,铁路环游纽约.mp4
巫师飞塔,2-6人,45,1.59,"派对游戏,互坑对抗",魔法主题聚会桌游，通过移动巫师 / 塔楼、叠塔封印对手、收集药水施咒互坑，率先将所有巫师送入渡鸦堡垒并处理完药水获胜，兼具策略与记忆挑战。,巫师飞塔.jpg,巫师飞塔.mp4
口袋大冒险:福尔摩斯,1人,15,1,"单人游戏,推理游戏",福尔摩斯侦探主题单人游戏，玩家扮演福尔摩斯破解各种案件，通过线索推理找出真相。,口袋大冒险福尔摩斯.jpg,口袋大冒险福尔摩斯.mp4
方舟动物园,2-4人,180,3.8,"德式游戏,行动选择,引擎构筑,资源管理",动物园建设游戏，需要策略规划，玩家收集不同动物，规划动物园布局，满足动物需求，获得游客满意度，打造最佳动物园。,方舟动物园.jpg,方舟动物园.mp4
狂野骆驼,3-8人,45,1.51,"派对游戏,赌狗游戏",埃及主题竞速桌游，通过下注骆驼名次、操控沙漠陷阱与叠驼移动，凭奖金总额定胜负，欢乐刺激兼具策略与运气。,狂野骆驼.jpg,狂野骆驼.mp4
拉斯维加斯豪华版,2-5人,45,1.43,"派对游戏,赌狗游戏",赌场主题的策略桌游，豪华版包含更多组件和扩展规则。玩家在拉斯维加斯的赌场中下注，通过骰子组合获取最大收益，游戏充满随机性和策略性，支持多人同时游戏。,拉斯维加斯豪华版.jpg,拉斯维加斯豪华版.mp4
山中小屋,3-6人,60,2.4,"美式游戏,剧情对抗",克苏鲁风悬疑桌游，探索诡秘老宅搜集线索，触发惊悚剧情、推演真相，沉浸式氛围拉满。,山中小屋.jpg,山中小屋.mp4
王权骰铸第一季,2-6人,45,2.05,"美式游戏,骰子对抗",骰子对战桌游，选英雄掷专属骰子，配卡牌技能互攻，先击败对手获胜，快节奏易上手。,王权骰铸第一季.jpg,王权骰铸第一季.mp4
地毯商人,2-4人,30,1.33,"派对游戏,拼图游戏","广场的地毯市集正噪动力起来,因为被誉为地毯推销王的人即将诞生,各推销员将施展浑身解数,努力在游戏结束时取得最多数量之可见地毯,并积累最大笔财富,最富有的玩者就是赢家。",地毯商人.jpg,地毯商人.mp4
方舟动物园海洋世界,2-4人,180,3.84,"德式游戏,行动选择,引擎构筑,资源管理",方舟动物园海洋主题扩展，加入海洋生物和水上设施，玩家建设海洋馆，满足海洋生物特殊需求，扩展游戏内容。,方舟动物园海洋世界.jpg,方舟动物园海洋世界.mp4
观察者梦游爱丽丝,1-4人,20,1.1,"派对游戏,观察解谜",奇幻主题的合作解谜桌游，玩家进入爱丽丝的梦境世界，需要共同解决梦境中的谜题。,观察者梦游爱丽丝.jpg,观察者梦游爱丽丝.mp4
纸牌帮,3-6人,30,1.61,"派对游戏,默契合作",在 "纸牌帮 "这款合作版德州扑克游戏中，玩家将赌上他们认为自己手中的牌相对于其他玩家有多好，然后努力将自己的预测变为现实。,纸牌帮.jpg,纸牌帮.mp4
大搜查绝密冒险,2-4人,60,2.13,"双人游戏,密室解谜",《大搜查！绝密冒险》是《大搜查》游戏系列的第三季，在《大搜查！绝密冒险》中，将收录《决战大光头博士》、《墓碑镇快车》、《绿野仙踪历险记》三个剧本。,大搜查绝密冒险.jpg,大搜查绝密冒险.mp4
公会奇幻征途,2-4人,45,1.5,"派对游戏,简单卡牌",奇幻主题的策略桌游，玩家领导不同公会争夺王国霸权。通过招募英雄、建设领地、开展战争来扩张势力，每个公会拥有独特技能树，支持多种胜利条件，适合喜欢史诗级策略对抗的玩家。,公会奇幻征途.jpg,公会奇幻征途.mp4
诡镇奇谈卡牌版:基础,1-4人,120,3.57,"美式游戏,卡牌构筑,剧情冒险",克苏鲁神话背景的卡牌游戏，玩家扮演调查员探索诡异事件。基础版包含核心游戏机制和经典调查员角色，通过组建卡组、解决案件来对抗远古邪神，支持单人或多人合作模式。,诡镇奇谈卡牌版基础.jpg,诡镇奇谈卡牌版基础.mp4
花砖物语,2-4人,30,1.77,"德式游戏,成套收集",美学与策略结合的桌游，玩家扮演葡萄牙瓷砖工匠。通过拼接不同图案的瓷砖来装饰宫殿墙面，优化瓷砖组合获取高分，游戏画面精美，规则简洁但策略深度高，适合策略游戏爱好者。,花砖物语.jpg,花砖物语.mp4
来啦宝可梦,2-5人,10,1,"派对游戏,简单卡牌",宝可梦主题的欢乐桌游，适合宝可梦粉丝。玩家收集不同类型的宝可梦卡片，通过对战和交换提升实力，游戏规则简单易懂，充满童趣，支持多人互动，适合家庭和朋友聚会。,来啦宝可梦.jpg,来啦宝可梦.mp4
狼人真言,2-13人,15,1.15,"派对游戏,语言游戏",身份推理类桌游，狼人杀的创新版本。加入了真言机制，玩家可以通过提问获取信息，同时需要隐藏自己的身份，游戏节奏更快，推理元素更丰富，适合喜欢逻辑推理的玩家群体。,狼人真言.jpg,狼人真言.mp4
驴桥,3-6人,30,1,"派对游戏,语言游戏","在驴桥中,玩家使用关键词卡片来创造故事,并尝试使用这些关键词卡片作为提示以便记住其他玩家的故事。最终,他们的目标是尽可能多地记住故事",驴桥.jpg,驴桥.mp4
脑洞量表,3-9人,30,1.08,"派对游戏,语言游戏",创意问答类桌游，考验玩家的想象力和知识面。根据题目给出奇葩但合理的答案，通过评委评分决定胜负，游戏充满趣味性和创意，适合喜欢脑力激荡的玩家群体。,脑洞量表.jpg,脑洞量表.mp4
七大奇迹城邦,3-7人,60,2.29,"德式游戏,轮抽构筑",七大奇迹系列的扩展，新增城邦机制。玩家在建设奇迹的同时发展城市特色，每个城邦提供独特的能力，丰富了游戏的策略选择，适合喜欢七大奇迹基础版的玩家进一步体验。,七大奇迹城邦.jpg,七大奇迹城邦.mp4
七大奇迹舰队,3-7人,60,3,"德式游戏,轮抽构筑",七大奇迹系列的海洋主题扩展，引入海军建设机制。玩家建造舰队进行海上贸易和战争，获取额外资源和胜利点数，扩展了游戏的策略维度，增强了玩家间的互动。,七大奇迹舰队.jpg,七大奇迹舰队.mp4
七大奇迹领袖,3-7人,60,2.38,"德式游戏,轮抽构筑",七大奇迹系列的重要扩展，加入领袖角色机制。每个玩家选择不同的领袖，获得独特的技能加成，影响整个游戏的策略走向，极大提升了游戏的策略深度和 replayability。,七大奇迹领袖.jpg,七大奇迹领袖.mp4
七大奇迹穹楼,3-7人,60,2.8,"德式游戏,轮抽构筑",七大奇迹系列的最新扩展，聚焦城市建筑发展。玩家建设穹楼等宏伟建筑，获取特殊能力和胜利点数，扩展了游戏的建筑类型和策略选择，适合资深玩家体验。,七大奇迹穹楼.jpg,七大奇迹穹楼.mp4
三国杀国战,2-10人,45,2.25,"派对游戏,身份推理",三国杀团队对战版，分为魏蜀吴群四大阵营，玩家组队作战，协同配合消灭其他阵营，策略性更强。,三国杀国战.jpg,三国杀国战.mp4
王权骰铸第二季,2-6人,30,2.16,"美式游戏,骰子对抗",王权骰铸系列第二季，加入新的角色和机制，玩家通过骰子组合获取能力。,王权骰铸第二季.jpg,王权骰铸第二季.mp4
现代艺术,3-5人,45,2.28,"派对游戏,拍卖游戏",经典艺术品交易游戏，玩家作为艺术品商人，通过拍卖和交易艺术品获取利润，最后财富最多者获胜。,现代艺术.jpg,现代艺术.mp4
大搜查神话冒险,2-4人,60,2.18,"双人游戏,密室解谜",大搜查神话主题版，游戏包含了3个不同难度的剧本，希腊神话背景的《逃离哈迪斯》，老朋友坏蛋博士再次出场的《光头博士的动物变身器》以及改编自同名名著的《八十天环游地球》。,大搜查神话冒险.jpg,大搜查神话冒险.mp4
米勒山谷狼人,4-12人,30,1.31,"派对游戏,身份推理",你是谁？狼人还是镇民？每位玩家在游戏中都将得到一张秘密的身份卡，只有你自己才知道自己的身份，适合朋友聚会游玩，规则简单易上手，具有一定的策略性和娱乐性。,米勒山谷狼人.jpg,米勒山谷狼人.mp4
冷战热斗,2人,120,3.61,"双人游戏,战争模拟",历史题材的策略桌游，模拟美苏冷战时期的全球对抗。玩家分别扮演美苏阵营，通过政治、军事、经济手段争夺影响力，游戏机制深刻反映冷战历史，策略性极强，适合资深策略玩家。,冷战热斗.jpg,冷战热斗.mp4
马戏星探,2-5人,5,1.39,"派对游戏,简单卡牌",模拟经营类桌游，玩家经营马戏团并发掘明星艺人。通过招募演员、安排表演、建设设施来吸引观众，每个艺人拥有独特技能，游戏充满创意和策略性，适合全年龄段玩家。,马戏星探.jpg,马戏星探.mp4
血与刃的白蔷薇,5-10人,30,1.8,"派对游戏,身份推理",是 5-10 人快速阵营推理桌游，分白蔷薇与血刃阵营，凭身份隐藏、魔法骰子与出牌博弈，白蔷薇献祭花苞复活，血刃阻止并刺杀获胜，节奏快易上手。,血与刃的白蔷薇.jpg,血与刃的白蔷薇.mp4
并购,2-6人,60,2.49,"德式游戏,商业投资",经典经济策略游戏，玩家通过购买股票、并购公司控制市场，利用经济手段击败对手，需要较强的财务规划能力。,并购.jpg,并购.mp4
大宋百商图,2-4人,45,2,"德式游戏,商业投资",宋朝经商主题游戏，需要策略规划，玩家扮演商人在大宋疆域内贸易，建立商铺、运输货物、应对市场变化，积累财富成为首富。,大宋百商图.jpg,大宋百商图.mp4
大搜查时光冒险,2-4人,60,2.07,"双人游戏,密室解谜",大搜查时光旅行主题版，玩家穿越不同时代，解决各个历史时期的谜题，修复时间线，防止时空混乱。,大搜查时光冒险.jpg,大搜查时光冒险.mp4
王权骰铸冒险,1-4人,120,2.63,"美式游戏,合作冒险",王权骰铸冒险扩展，加入冒险任务和角色扮演元素，玩家组队冒险，探索世界，完成史诗任务。,王权骰铸冒险.jpg,王权骰铸冒险.mp4
以撒的结合,2-4人,45,2.04,"派对游戏,融合合作",基于同名游戏的桌游版，玩家控制以撒在地下室冒险，击败怪物，获取道具，探索随机生成的关卡。,以撒的结合.jpg,以撒的结合.mp4
以撒的结合：安魂曲,2-4人,45,2.04,"派对游戏,融合合作,对抗互坑",《安魂曲》扩展可支持 5-8 人，兼顾双人对战与多人聚会，玩家控制以撒在地下室冒险，击败怪物，获取道具，探索随机生成的关卡。,以撒的结合：安魂曲.jpg,以撒的结合：安魂曲.mp4
大搜查史诗冒险,2-4人,60,2.13,"双人游戏,密室解谜",大搜查系列旗舰版，包含更复杂的谜题和更长的剧情，玩家经历史诗级冒险，面对更大挑战，适合资深解谜玩家。,大搜查史诗冒险.jpg,大搜查史诗冒险.mp4
骷髅王,2-8人,20,1.74,"派对游戏,预测吃墩",一款吃墩機制的桌遊，在遊戲中，你需要預測每一輪贏得的確切墩數。在與對手競爭的同時，努力達成自己的下注……同時抓住時機讓你的對手落敗！遊戲結束時，分數最高的海盜獲勝，榮登七大洋海盜之首！,骷髅王.jpg,骷髅王.mp4
新创公司,2-7人,15,1.58,"派对游戏,简单卡牌",创业主题游戏，需要策略规划，玩家创办新创公司，开发产品，获取投资，扩大市场，最终成为成功的企业家。,新创公司.jpg,新创公司.mp4
璀璨都市,2-4人,45,1.9,"德式游戏,成套收集",城市建设策略游戏，需要策略规划，玩家规划城市布局，建设不同类型建筑，平衡各种资源和公共设施，打造最繁荣的都市。,璀璨都市.jpg,璀璨都市.mp4
诡镇奇谈卡牌版:敦威治遗产,1-4人,120,3.63,"美式游戏,卡牌构筑,剧情冒险",诡镇奇谈卡牌版的第一个大型扩展，引入敦威治地区的恐怖故事。新增大量卡牌、场景和剧情，调查员需要面对更强大的怪物和复杂的谜题，扩展了游戏的世界观和策略深度。,诡镇奇谈卡牌版敦威治遗产.jpg,诡镇奇谈卡牌版敦威治遗产.mp4
姬路城,2-4人,60,3.05,"德式游戏,引擎构筑,行动选择,资源管理",一款德式游戏，采用资源管理、工人摆放和掷骰子等机制来开展行动。在三轮游戏中，玩家将派遣自己的部族成员打理花园、保卫城堡或提升贵族的社会地位。比赛结束时，玩家将以各种方式获得胜利点数。,姬路城.jpg,姬路城.mp4
奶酪大盗,4-8人,15,1.13,"派对游戏,身份推理",一群懒惰的小老鼠们获得了一块美味香甜的奶酪，天色已晚，大家打算第二天一起享用。没想到的是，当晚一只贪吃的老鼠却偷偷藏起了奶酪，打算自己独享。第二天，老鼠们发现奶酪不见了，故事就由此开始了......,奶酪大盗.jpg,奶酪大盗.mp4
险恶疑航,5-11人,60,2.17,"派对游戏,身份推理",海盗主题策略游戏，需要策略规划，玩家控制海盗船在危险海域航行，掠夺财宝，对抗其他海盗，成为海上霸主。,险恶疑航.jpg,险恶疑航.mp4
战争之匣,2人，4人,45,2.32,"双人游戏,抽象棋类",模块化战棋游戏，玩家选择不同军队，在可变战场上战斗，通过战术和单位配合击败对手。,战争之匣.jpg,战争之匣.mp4
谍报风云,3-8人,40,1.83,"派对游戏,猜词游戏",昏暗的房间里，只有电报机的声音在滴滴答答作响。你的眼睛紧紧盯着屏幕，渴望从塞满各种信息的电文线索中找到那个足以改变一切的绝命情报——但你从没有想过，加密这个电报的人脑子里究竟在想点什么？！,谍报风云.jpg,谍报风云.mp4
诡镇奇谈卡牌版:卡尔克萨之路,1-4人,120,3.69,"美式游戏,卡牌构筑,剧情冒险",以卡尔克萨传说为背景的卡牌扩展，充满神秘主义色彩。玩家将探索被迷雾笼罩的卡尔克萨城，解开黄印的秘密，新增独特的游戏机制和强力卡牌，挑战更高难度的克苏鲁恐怖冒险。,诡镇奇谈卡牌版卡尔克萨之路.jpg,诡镇奇谈卡牌版卡尔克萨之路.mp4
战争之匣权贵,2人，4人,45,2.33,"双人游戏,抽象棋类",战争之匣扩展，加入权贵势力和新单位，增加政治元素，玩家不仅需要军事胜利，还需政治支持。,战争之匣权贵.jpg,战争之匣权贵.mp4
诺丁汉警长,3-6人,45,1.7,"派对游戏,嘴炮游戏",中世纪诺丁汉背景下，商人与警长围绕货物交易与走私展开申报、检查、谈判贿赂的博弈，互动欢乐且策略运气兼具，适合聚会游玩。,诺丁汉警长.jpg,诺丁汉警长.mp4
战争之匣围城,2人，4人,45,2.37,"双人游戏,抽象棋类",战争之匣围城主题扩展，加入围城战机制和防御工事，玩家需要制定攻城或守城策略，攻克或保卫城市。,战争之匣围城.jpg,战争之匣围城.mp4
波多黎各豪华版,2-5人,120,3.04,"德式游戏,行动选择",波多黎各升级版，优化组件和规则说明，保留核心玩法，适合初次体验该经典游戏的玩家。,波多黎各豪华版.jpg,波多黎各豪华版.mp4
工业革命伯明翰,2-4人,120,3.86,"德式游戏,行动选择,资源管理",经济策略类桌游，背景设定在18世纪英国工业革命时期。玩家通过建设工厂、发展铁路、管理资源来推动工业发展，优化生产链获取最大利润，游戏机制丰富，适合策略游戏爱好者。,工业革命伯明翰.jpg,工业革命伯明翰.mp4
骷髅牌,2-6人,5,1.11,"派对游戏,嘴炮游戏",玫瑰与骷髅是一种吹牛类游戏，考验的是玩家的机智与胆魄。每位玩家可选择一种花色代表自己，每组花色有4张牌，3张花，1张骷髅。每位玩家都有一张正面朝下的底牌，然后每位玩家轮流加一张牌——直到有人愿意挑战翻牌。,骷髅牌.jpg,骷髅牌.mp4
战争之匣夜幕,2人，4人,45,2.5,"双人游戏,抽象棋类",战争之匣夜间战斗扩展，加入夜间机制和特殊单位，玩家在夜间环境中战斗，利用夜色掩护获取优势。,战争之匣夜幕.jpg,战争之匣夜幕.mp4
波多黎各典藏版,2-5人,120,3.13,"德式游戏,行动选择",波多黎各豪华重制版，包含所有扩展内容，升级组件质量，增加新角色和策略选项，适合资深策略玩家。,波多黎各典藏版.jpg,波多黎各典藏版.mp4
重塑火星,1-5人,120,3.27,"德式游戏,引擎构筑",经典火星殖民游戏，玩家通过建设项目改造火星环境，提高温度、氧气和海洋覆盖率，使火星适合人类居住。,重塑火星.jpg,重塑火星.mp4
沙丘帝国,2-4人,120,3.08,"德式游戏,工人放置",基于沙丘小说的策略游戏，玩家控制不同势力争夺阿拉基斯星球的香料资源，通过政治、军事和经济手段获胜。,沙丘帝国.jpg,沙丘帝国.mp4
勃艮第城堡豪华版,2-4人,120,2.84,"德式游戏,骰子驱动,成套收集",玩家在中世纪勃艮第地区建设领地，通过获取土地、建造城堡、发展产业积累声望，复杂的策略选择和资源管理。,勃艮第城堡豪华版.jpg,勃艮第城堡豪华版.mp4
农场主,1-5人,120,3.46,"德式游戏,工人放置",农场主是一款有趣的桌游，适合朋友聚会游玩，规则简单易上手，具有一定的策略性和娱乐性。,农场主.jpg,农场主.mp4
恶夜杀机,2-4人,45,2.27,"美式游戏,剧情对抗",杀手和幸存者的角色各不相同，每场比赛都丰富多彩！每个角色都有自己的技能、打法和自己的模型。杀手们，尽情狩猎吧！幸存者们，发挥聪明才智，胜过对手！卷起一场血腥与恐惧的表演！,恶夜杀机.jpg,恶夜杀机.mp4
幽港迷城雄师蛮颚,1-4人,120,3.64,"美式游戏,剧情冒险","一款独特奇幻世界下的战术战斗游戏,采用纯合作战役机制。各位玩家扮演身经百战的佣兵,需要共同经历一场充满选择、挑战、反转的战役。每一个剧本都会和全自动化敌人进行流畅的策略战斗,战斗过程无需骰子。在正确的时机使用正确的能力是决定胜败的关键。",幽港迷城雄师蛮颚.jpg,幽港迷城雄师蛮颚.mp4
瘟疫危机,2-4人,45,2.39,"美式游戏,合作冒险",一些致命的疾病同时在世界各地爆发了！玩家们扮演的角色是抗病专家，任务是治疗疾病高发地区的人们并在四种瘟疫失控之前研究出对应的治疗方法。,瘟疫危机.jpg,瘟疫危机.mp4
瘟疫危机传承第一季,2-4人,60,2.83,"美式游戏,合作冒险",独特而震撼的合作游戏，适合2-4人参与。有别于一般桌游，你在《瘟疫危机传承》中所作的决定，有些是会影响后续的游戏。更厉害的是，局面总跟你对著干。跟病菌交战的十二个月期间，你会拆开密封的盒子、揭露隐藏的资讯和发现不为人知的秘密。,瘟疫危机传承第一季.jpg,瘟疫危机传承第一季.mp4
指尖平衡,2-8人,5,1,"派对游戏,欢乐搞笑",很快速简单的动手游戏，多人聚会轻松破冰。,指尖平衡.jpg,指尖平衡.mp4
无间风云,4-8人,20,1.26,"派对游戏,身份推理",每个人都不知道对方的角色，黑帮老大跟贪污警察是同一阵营，探员跟正直警察另一个阵营，游戏中玩家需要用口头试探，直接调查对方，使用装备或甚至直接拔枪相向来求取自己阵营的胜利！,无间风云.jpg,无间风云.mp4
行动代号,2-8人,15,1.26,"派对游戏,猜词游戏",一款比拼团队默契、考验语言表达的聚会桌游。游戏开始前，会将参与玩家分成人数和水平大体相当的两支队伍，并各自推选出一名队长。同时，桌面上会展示 25 张仅含一个词汇但内容各不相同的卡牌。,行动代号.jpg,行动代号.mp4
外交,2-7人,360,2.32,"派对游戏,嘴炮游戏",零运气经典战略桌游，一战欧洲版图博弈，全靠谈判结盟、心机背刺，凭纯谋略吞并势力决胜全局。,外交.jpg,外交.mp4
魔戒中洲对决,2人,30,2.07,"双人游戏,成套收集",双人战略桌游，沿用《七大奇迹对决》卡牌机制，分魔戒同盟与索隆阵营，以 3 种方式决胜：护送弗罗多抵末日火山、拉拢 6 种族联盟、占领 7 个中洲领地，30-45 分钟快节奏史诗博弈。,魔戒中洲对决.jpg,魔戒中洲对决.mp4
囚徒之夜,3-6人,10,1.2,"派对游戏,身份推理",一款将身份推理、谎言博弈与动态信息战融合的嘴炮聚会游戏。玩家们化身被关押在「罪恶之城」的囚徒，其中暗藏一名伪装成囚犯的狱警卧底。,囚徒之夜.jpg,囚徒之夜.mp4
脑洞量表欲语还休,3-9人,30,1.08,"派对游戏,欢乐搞笑",欢乐聚会猜词桌游，靠含蓄隐晦描述拿捏分寸，趣味打分互动，脑洞尬聊轻松破冰。,脑洞量表欲语还休.jpg,脑洞量表欲语还休.mp4
字字转机脸红心跳,2-6人,5,1,"派对游戏,欢乐搞笑",趣味文字互动桌游，巧用谐音梗、文字接龙玩暧昧脑洞，轻松尬聊互动，超适合聚会升温氛围。,字字转机脸红心跳.jpg,字字转机脸红心跳.mp4
爆炸猫18+,2-5人,15,1.08,"派对游戏,互坑对抗",幽默风格卡牌游戏，玩家轮流抽牌，抽到爆炸猫需用防御牌保命，通过各种功能牌陷害对手，最后存活者获胜。,爆炸猫18+.jpg,爆炸猫18+.mp4
绘拼绘色,2-7人,15,1.1,"派对游戏,绘画游戏",欢乐绘画拼接聚会桌游，玩家拼色作画、脑洞共创图案，趣味猜图互动，轻松破冰氛围感十足。,绘拼绘色.jpg,绘拼绘色.mp4
猜字解底,2-6人,15,1.5,"派对游戏,猜词游戏",一款以汉语组词逻辑为核心的聚会猜词游戏。每位玩家会获得一个隐藏字，并且用组词的方式给其他玩家自己手中汉字的提示。所有隐藏字都能跟底牌组成两字汉语词语，努力猜出底牌和其他玩家的隐藏字，获得最多的分数！,猜字解底.jpg,猜字解底.mp4
出神入画,2-8人,10,1.1,"派对游戏,绘画游戏",在每一轮开始时，每个玩家都得到一张上面有一个单词的卡片，并必须在他们的棋盘上画出它-但只能在线条上画。实际上，他们必须在线条中找到图像。,出神入画.jpg,出神入画.mp4
河狸建水坝,2-4人,5,1.1,"派对游戏,欢乐搞笑",轻策建造益智桌游，玩家规划河道、搭建水坝囤积资源，比拼布局谋略，趣味模拟筑坝博弈。,河狸建水坝.jpg,河狸建水坝.mp4
政变疑云,2-6人,15,1.42,"派对游戏,嘴炮游戏",多人阵营推理嘴炮桌游，暗藏身份密谋算计，靠话术博弈结盟背刺，搅动局势夺权决胜，心机欢乐氛围感十足。,政变疑云.jpg,政变疑云.mp4
政变疑云扩充,2-10人,15,1.6,"派对游戏,嘴炮游戏",多人阵营推理嘴炮桌游，暗藏身份密谋算计，靠话术博弈结盟背刺，搅动局势夺权决胜，心机欢乐氛围感十足。,政变疑云扩充.jpg,政变疑云扩充.mp4
狼尔街风云,3-11人,40,1.25,"派对游戏,嘴炮游戏",多人阵营推理嘴炮桌游，欢乐投机桌游，模拟股市操盘套利，低买高卖互坑算计，比拼财富决出胜负。,狼尔街风云.jpg,狼尔街风云.mp4
RADLANDS,2人,30,2.26,"双人游戏,卡牌博弈",双人卡牌对战，末世争夺水源，卡牌双用、资源紧张，攻防博弈紧凑烧脑。,RADLANDS.jpg,RADLANDS.mp4
疯狂斗牛,2-4人,15,1,"派对游戏,赌狗游戏",欢乐反应桌游，比拼运气斗牛竞技，趣味互坑节奏轻快，多人聚会轻松破冰。,疯狂斗牛.jpg,疯狂斗牛.mp4
席德梅尔的文明：新的黎明,2-4人,120,3.2,"德式游戏,区域控制,行动选择",战略版图游戏，其中两到四名玩家扮演历史上最令人难忘的帝国的统治者。在游戏的过程中，玩家将扩张他们的领域，获得新的技术，并建立许多人类最大的奇迹。最后，一个国家将超越所有其他国家，在历史上留下不可磨灭的印记。,席德梅尔的文明：新的黎明.jpg,席德梅尔的文明：新的黎明.mp4
矮人掘金2,2-12人,45,1.54,"派对游戏,身份推理",無數的矮人在辛勤地挖掘隧道，只為了尋找地下金礦；心懷不軌的破壞者，也在持之以恆地阻撓掘金事業。,矮人掘金2.jpg,矮人掘金2.mp4
米勒山谷狼人特殊角色,5-12人,60,1.51,"派对游戏,身份推理",新增演员、占卜师、守卫等角色。,米勒山谷狼人特殊角色.jpg,米勒山谷狼人特殊角色.mp4
米勒山谷狼人新月,5-12人,60,1.51,"派对游戏,身份推理",新增36张事件卡，来增加角色不同的体验。,米勒山谷狼人新月.jpg,米勒山谷狼人新月.mp4
只言片语迪士尼,3-6人,30,1.1,"派对游戏,猜词游戏",每轮由一名玩家讲故事，从手中的六张牌中选择一张，然后根据该牌的图像编一句话并大声说出来，同时不向其他玩家展示该牌。然后，其他每位玩家选择手中最符合句子的纸牌，并将所选纸牌交给讲故事的玩家，同时不给其他人看。,只言片语迪士尼.jpg,只言片语迪士尼.mp4
领国者,1-4人,120,4.26,"德式游戏,卡牌驱动,经济模拟",一款 2-4 人卡牌驱动的重度不对称政治经济模拟德式策略桌游，玩家扮演工人、中产、资本或政府阶级，通过阶级专属行动与政策博弈争夺国家主导权。,领国者.jpg,领国者.mp4
暗影奇袭,4-8人,15,1.67,"派对游戏,互坑对抗",身份隐藏 + 阵营对抗聚会桌游，玩家分属暗影、猎人、市民三方，在雾之都模块化版图上移动、攻击、推理身份，暗影与猎人互灭为胜，市民完成专属使命即可获胜。,暗影奇袭.jpg,暗影奇袭.mp4
诡镇奇谈卡牌版第二季,1-4人,120,3.5,"美式游戏,卡牌构筑,剧情冒险",FFG 推出的克苏鲁主题合作 LCG 新核心套组，含全新 3 关入门战役《灰烬同袍会》、5 位新调查员，故事设定在阿卡姆毁灭性灾难数月后，与阿米蒂奇博士并肩挫败灰烬同袍会阴谋,诡镇奇谈卡牌版第二季.jpg,诡镇奇谈卡牌版第二季.mp4
画物语：回忆,3-8人,45,1.19,"派对游戏,猜词游戏",全新主题卡牌，玩家将化身为说书人与猜谜者，作为说书人你需要通过灵活的思维，丰富的想象力来形容你选择的卡牌图画，而猜谜人则负责在众多的卡牌中找到说书人所真正打出的那张卡牌。,画物语：回忆.jpg,画物语：回忆.mp4
画物语：探寻,3-8人,45,1.19,"派对游戏,猜词游戏",全新主题卡牌，玩家将化身为说书人与猜谜者，作为说书人你需要通过灵活的思维，丰富的想象力来形容你选择的卡牌图画，而猜谜人则负责在众多的卡牌中找到说书人所真正打出的那张卡牌。,画物语：探寻.jpg,画物语：探寻.mp4
画物语：缘起,3-8人,45,1.19,"派对游戏,猜词游戏",全新主题卡牌，玩家将化身为说书人与猜谜者，作为说书人你需要通过灵活的思维，丰富的想象力来形容你选择的卡牌图画，而猜谜人则负责在众多的卡牌中找到说书人所真正打出的那张卡牌。,画物语：缘起.jpg,画物语：缘起.mp4
画物语：旅行,3-8人,45,1.19,"派对游戏,猜词游戏",全新主题卡牌，玩家将化身为说书人与猜谜者，作为说书人你需要通过灵活的思维，丰富的想象力来形容你选择的卡牌图画，而猜谜人则负责在众多的卡牌中找到说书人所真正打出的那张卡牌。,画物语：旅行.jpg,画物语：旅行.mp4
画物语：和谐,3-8人,45,1.19,"派对游戏,猜词游戏",全新主题卡牌，玩家将化身为说书人与猜谜者，作为说书人你需要通过灵活的思维，丰富的想象力来形容你选择的卡牌图画，而猜谜人则负责在众多的卡牌中找到说书人所真正打出的那张卡牌。,画物语：和谐.jpg,画物语：和谐.mp4
画物语：镜像,3-8人,45,1.19,"派对游戏,猜词游戏",全新主题卡牌，玩家将化身为说书人与猜谜者，作为说书人你需要通过灵活的思维，丰富的想象力来形容你选择的卡牌图画，而猜谜人则负责在众多的卡牌中找到说书人所真正打出的那张卡牌。,画物语：镜像.jpg,画物语：镜像.mp4
画物语：白日梦,3-8人,45,1.19,"派对游戏,猜词游戏",全新主题卡牌，玩家将化身为说书人与猜谜者，作为说书人你需要通过灵活的思维，丰富的想象力来形容你选择的卡牌图画，而猜谜人则负责在众多的卡牌中找到说书人所真正打出的那张卡牌。,画物语：白日梦.jpg,画物语：白日梦.mp4
画物语：启迪,3-8人,45,1.19,"派对游戏,猜词游戏",全新主题卡牌，玩家将化身为说书人与猜谜者，作为说书人你需要通过灵活的思维，丰富的想象力来形容你选择的卡牌图画，而猜谜人则负责在众多的卡牌中找到说书人所真正打出的那张卡牌。,画物语：启迪.jpg,画物语：启迪.mp4
画物语：周年,3-8人,45,1.19,"派对游戏,猜词游戏",全新主题卡牌，玩家将化身为说书人与猜谜者，作为说书人你需要通过灵活的思维，丰富的想象力来形容你选择的卡牌图画，而猜谜人则负责在众多的卡牌中找到说书人所真正打出的那张卡牌。,画物语：周年.jpg,画物语：周年.mp4
